"feature","enrich_group","ef_lda","pvalue","padj"
"g__Actinomyces","GERD",4.32220344913234,0.0033704314473977,0.0033704314473977
"g__Stomatobaculum","GERD",3.91136296908864,0.0117115342520054,0.0117115342520054
